topology,num_nodes,protocol,pdr,avg_delay_ms,avg_jitter_ms,loss,max_delay_ms,throughput_kbps,avg_hops,tx,rx,lost
grid-25,25,AODV,76.4,152.15596596858637,96.17556267441003,23.599999999999998,4823.0,3.259733333333333,0.03926701570680628,500,382,118
grid-25,25,OLSR,46.800000000000004,67.9996623931624,32.44351124354444,53.2,3422.0,1.9968,0.0,444,234,210
random-50,50,AODV,20.0,1.09072,0.015231010101010101,80.0,1.83711,0.8533333333333334,0.0,500,100,412
random-50,50,OLSR,20.0,1.10542,0.04492242424242424,80.0,2.08093,0.8533333333333334,0.0,100,100,0
random-75,75,AODV,20.0,1.09136,0.016523939393939393,80.0,1.90111,0.8533333333333334,0.0,500,100,412
random-75,75,OLSR,20.0,1.09226,0.018342121212121212,80.0,1.99111,0.8533333333333334,0.0,100,100,0
random-100,100,AODV,20.0,1.08808,0.009897636363636364,80.0,1.57311,0.8533333333333334,0.0,500,100,412
random-100,100,OLSR,20.0,1.08916,0.01207949494949495,80.0,1.68111,0.8533333333333334,0.0,100,100,0
random-150,150,AODV,20.0,1.09171,0.017232121212121213,80.0,1.67411,0.8533333333333334,0.0,500,100,412
random-150,150,OLSR,20.0,1.10034,0.03466020202020202,80.0,1.80986,0.8533333333333334,0.0,100,100,0
random-200,200,AODV,20.0,1.09137,0.016544141414141414,80.0,1.90211,0.8533333333333334,0.0,500,100,412
random-200,200,OLSR,40.0,3.2051050000000005,1.8409035353535352,60.0,214.15,1.7066666666666668,0.0,200,200,0
