topology,num_nodes,protocol,pdr,avg_delay_ms,avg_jitter_ms,loss,max_delay_ms,throughput_kbps,avg_hops,tx,rx,lost
chain-9,9,AODV,82.46921581335062,103.7259116876228,106.42097070108248,17.498379779650033,1960.14,37.26244783346092,2.9630648330058937,3086,2545,540
chain-9,9,OLSR,78.17018909899889,80.74705247242974,61.58367136642851,21.412680756395996,2370.64,25.893957635204618,2.9761650658128778,3596,2811,770
grid-25,25,AODV,51.759507653463785,145.5989789082317,131.66682842459608,48.41407606122771,4751.0,0.0,0.9777439024390244,6337,3280,3068
grid-25,25,OLSR,34.523809523809526,186.54339084423304,180.78720498739685,65.47619047619048,3838.65,0.0,2.821640903686088,2436,841,1595
random-50,50,AODV,4.104769351055512,2.5768168095238093,1.4937524538239537,105.5512118842846,266.207,0.0,1.9190476190476191,5116,210,5400
random-50,50,OLSR,100.0,9.418715,7.873034006734006,0.0,2022.82,0.0,2.6666666666666665,600,600,0
random-100,100,AODV,2.0759193357058123,2.627264809523809,1.515573515873016,107.7500988533017,272.074,0.0,1.9190476190476191,10116,210,10900
random-100,100,OLSR,100.0,1.321765,0.09747813131313132,0.0,10.4743,0.0,2.0,200,200,0
