topology,num_nodes,protocol,pdr,avg_delay_ms,avg_jitter_ms,loss,max_delay_ms,throughput_kbps,avg_hops,tx,rx,lost
grid-25,25,AODV,75.33333333333333,111.30673008849557,122.73486371271473,17.0,3323.29,1.9285333333333332,0.03982300884955752,300,226,51
grid-25,25,OLSR,73.33333333333333,113.93852792207791,129.67298817919252,25.71428571428571,2373.6,1.3141333333333334,0.0,210,154,54
random-50,50,AODV,20.0,3.6923699999999995,2.6355454545454546,88.0,262.002,0.6826666666666666,0.01,500,100,440
random-50,50,OLSR,100.0,1.19332,0.11125353535353537,0.0,12.0973,0.6826666666666666,0.0,100,100,0
random-75,75,AODV,20.0,3.78541,2.7314141414141413,88.0,271.119,0.5688888888888889,0.01,500,100,440
random-75,75,OLSR,100.0,1.17314,0.09086939393939392,0.0,10.0793,0.5688888888888889,0.0,100,100,0
random-100,100,AODV,20.0,3.71385,2.6572424242424244,88.0,264.15,0.512,0.01,500,100,440
random-100,100,OLSR,100.0,1.11314,0.03026333333333333,0.0,4.07926,0.512,0.0,100,100,0
random-150,150,AODV,20.0,3.6783699999999997,2.6241414141414143,88.0,260.331,0.46545454545454545,0.01,500,100,440
random-150,150,OLSR,100.0,1.17011,0.09467,0.0,9.09726,0.46545454545454545,0.0,100,100,0
random-200,200,AODV,20.0,3.812,2.7643838383838384,88.0,273.173,0.4266666666666667,0.01,500,100,440
random-200,200,OLSR,100.0,38.13993333333333,52.43884733863457,0.0,1652.3,0.832,0.0,195,195,0
random-300,300,AODV,20.0,3.6886099999999997,2.636414141414141,88.0,261.164,0.37925925925925924,0.01,500,100,440
random-300,300,OLSR,100.0,1.1574,0.07909030303030302,0.0,8.09726,0.37925925925925924,0.0,100,100,0
random-500,500,AODV,20.0,3.74354,2.687232323232324,88.0,267.119,0.3413333333333333,0.01,500,100,440
random-500,500,OLSR,100.0,1.16892,0.09226434343434343,0.0,9.09726,0.3413333333333333,0.0,100,100,0
